Date,PriceChange,VolumeChange
1/1/95,0.0,0.0
1/2/95,0.0,0.0
1/3/95,-0.034838767,2.415515492
1/4/95,0.348501678,21.74128405
1/5/95,-0.08030974099999999,-3.27376295
1/6/95,0.073857801,-0.317100793
1/9/95,0.032559261,-9.504333431000001
1/10/95,0.18445110399999998,26.42132071
1/11/95,-0.004329622,-1.742091077
1/12/95,-0.00432981,-9.606999509
1/13/95,0.937957252,7.570917455
1/16/95,0.7318076259999999,-6.215477817000001
1/17/95,0.142737865,4.97450999
1/18/95,-0.072332094,3.963561776
1/19/95,-0.587592143,-13.76428944
1/20/95,-0.464720622,27.24244667
1/23/95,0.223763501,-13.84489278
1/24/95,0.008582285,-3.19184851
1/25/95,0.33916134700000006,8.616808801
1/26/95,0.188260525,-11.05630309
1/27/95,0.44200716799999995,11.41338234
1/30/95,-0.39966941,-6.1736031339999995
1/31/95,0.40767602799999997,29.20734579
2/1/95,-0.004255559,-3.955392502
2/2/95,0.508081427,-18.51711315
2/3/95,1.239447723,36.90975133
2/6/95,0.520217493,-26.15419501
2/7/95,-0.068590637,-3.377755942
2/8/95,0.07903413,1.198118604
2/9/95,-0.207818117,2.242251044
2/10/95,0.26447635199999997,-9.205393617
2/13/95,0.039463923,-13.30514208
2/14/95,0.18685643300000002,17.34498771
2/15/95,0.41239686,25.71162543
2/16/95,0.140337637,-4.510104751
2/17/95,-0.669799265,-3.6067481089999998
2/20/95,0.0,0.0
2/21/95,0.155611345,-11.46075811
2/22/95,0.48682590200000003,10.18208965
2/23/95,0.37932607100000004,16.14917811
2/24/95,0.246448212,-23.16881404
2/27/95,-0.88094633,-5.658072822
2/28/95,0.739963418,10.99758564
3/1/95,-0.357007929,14.30552929
3/2/95,-0.107070731,-8.982349697
3/3/95,0.05977944,0.245432233
3/6/95,0.043259856,-9.663281344
3/7/95,-0.7227745329999999,18.96476729
3/8/95,0.211569736,-1.622837857
3/9/95,0.00413731,-8.708330951
3/10/95,1.326683282,19.92358762
3/13/95,0.09804134099999999,-28.11406487
3/14/95,0.579538225,25.74832897
3/15/95,-0.204915898,-10.57892304
3/16/95,0.717654502,8.764618466
3/17/95,0.022200802999999998,23.97302997
3/20/95,0.125126335,-27.70616704
3/21/95,-0.215666539,21.66434679
3/22/95,0.12119619300000001,-14.70676364
3/23/95,0.056488993,1.7277721000000001
3/24/95,1.012196568,12.50745613
3/27/95,0.44513863,-17.32845941
3/28/95,0.139106118,8.131096635
3/29/95,-0.15479242099999999,20.47072044
3/30/95,-0.178882575,-5.959475566
3/31/95,-0.300667038,-2.722213038
4/3/95,0.22767969899999999,-16.03976661
4/4/95,0.6754974509999999,11.52042641
4/5/95,0.06531886,-4.661504023
4/6/95,0.100872281,1.6784592440000001
4/7/95,0.067188193,-1.778693129
4/10/95,0.11650349199999999,-17.086033800000003
4/11/95,-0.291909621,19.03594145
4/12/95,0.324414773,5.543037404
4/13/95,0.40617503899999996,-8.021227278
4/14/95,0.0,0.0
4/17/95,-0.608763414,10.72683865
4/18/95,-0.150161024,3.219237565
4/19/95,-0.08904011,9.681443658
4/20/95,0.07327814099999999,-2.539346647
4/21/95,0.633295918,9.444972181
4/24/95,0.8653120190000001,-19.08741476
4/25/95,-0.154036729,7.8184381510000005
4/26/95,0.109353061,-0.27857528600000003
4/27/95,0.173607273,0.011402184
4/28/95,0.225885313,-8.667521733
5/1/95,-0.0874302,-7.367994007999999
5/2/95,0.11666763699999999,1.930397871
5/3/95,1.0915579309999999,29.68336859
5/4/95,0.011527437,10.8621964
5/5/95,-0.08068218,-21.2901446
5/8/95,0.738296362,-14.77013844
5/9/95,-0.076346283,23.81344025
5/10/95,0.15279757900000002,5.726543039
5/11/95,0.001908994,-11.01861305
5/12/95,0.22503061,6.207708149
5/15/95,0.416706698,-12.39889197
5/16/95,0.085271537,15.79180369
5/17/95,-0.212043961,-4.983887706
5/18/95,-1.4210617,1.141034116
5/19/95,-0.07506351,0.59960216
5/22/95,0.859034647,-19.32431287
5/23/95,0.94337874,26.99229692
5/24/95,0.003775705,8.017866498
5/25/95,-0.003775562,-12.74982771
5/26/95,-0.934562278,-14.80311275
5/29/95,0.0,0.0
5/30/95,-0.013369043999999998,-2.815740677
5/31/95,1.87555038,26.55642711
6/1/95,0.016866516,-3.422860015
6/2/95,-0.18369229399999998,5.804810361
6/5/95,0.580264397,-7.781420765
6/6/95,-0.009333085,0.879947855
6/7/95,-0.45186874299999996,-3.729918647
6/8/95,-0.146311217,-11.56533146
6/9/95,-0.82839752,13.00193183
6/12/95,0.55688203,-11.49372653
6/13/95,0.97385152,17.15645695
6/14/95,0.07834773099999999,-2.617323206
6/15/95,0.121166894,1.188136772
6/16/95,0.5045468470000001,32.27965342
6/19/95,0.9984539259999999,-27.04747707
6/20/95,-0.04401728,18.38447011
6/21/95,-0.18349297899999997,4.142584408
6/22/95,1.303361752,5.723110921
6/23/95,-0.24678987800000002,-23.59619952
6/26/95,-1.015083731,-7.753528571
6/27/95,-0.312427542,16.92841736
6/28/95,0.42401545399999996,6.084450209
6/29/95,-0.157873631,-14.93778188
6/30/95,0.16180429300000002,-0.45675226799999996
7/3/95,0.429559798,-62.16909995
7/4/95,0.0,0.0
7/5/95,0.031070389,203.5199321
7/6/95,1.229759141,17.50733548
7/7/95,0.429611553,10.94887039
7/10/95,0.147385195,-12.1833069
7/11/95,-0.43252265700000003,-8.037588479
7/12/95,1.1013348859999998,10.50773682
7/13/95,0.019609013999999998,-6.931501585
7/14/95,-0.197858289,-19.24387097
7/17/95,0.505448557,3.0709743389999997
7/18/95,-0.757028224,15.40584114
7/19/95,-1.339405097,31.59874271
7/20/95,0.464626319,-21.73522507
7/21/95,0.014455505,12.63759195
7/24/95,0.543696042,-26.9851562
7/25/95,0.80304169,18.36346337
7/26/95,0.09089449699999999,5.4314040729999995
7/27/95,0.642792346,-9.378097441
7/28/95,-0.405148105,-12.61463387
7/31/95,-0.154547637,-6.303154787
8/1/95,-0.43055599200000005,13.79003254
8/2/95,-0.150101311,12.67872731
8/3/95,-0.008945598,-5.668794913999999
8/4/95,0.034004832,-10.86630229
8/7/95,0.19501681699999998,-11.97496346
8/8/95,0.064279767,10.48186248
8/9/95,-0.121342812,-0.882093502
8/10/95,-0.4037823,1.077820627
8/11/95,-0.419773424,-12.65570991
8/14/95,0.834069847,-1.093895837
8/15/95,-0.209022586,24.59232976
8/16/95,0.250633579,18.20825885
8/17/95,-0.16607908400000002,-9.15242074
8/18/95,0.030417145,-9.583591943
8/21/95,-0.196712676,-5.394864114
8/22/95,0.252644647,-4.060026385
8/23/95,-0.42536547700000005,0.34377256
8/24/95,0.057437447,2.504368084
8/25/95,0.47356830899999997,-14.44184492
8/28/95,-0.18746438899999998,4.636899879
8/29/95,0.16993328300000002,16.21369372
8/30/95,0.16428267900000001,5.959073533
8/31/95,0.17115132800000002,-8.767887461
9/1/95,0.348832844,-14.684966099999999
9/4/95,0.0,0.0
9/5/95,0.945295783,29.5797141
9/6/95,0.17569443699999998,11.08305528
9/7/95,0.021045478,-12.940412400000001
9/8/95,0.419087673,-1.174934726
9/11/95,0.214776143,-6.63647229
9/12/95,0.453039174,16.069262900000002
9/13/95,0.39201574299999997,11.56324375
9/14/95,0.836250122,-0.39023882600000004
9/15/95,-0.044551842,19.97753865
9/18/95,-0.09941819199999999,-29.01364913
9/19/95,0.245378443,13.82440431
9/20/95,0.43991919700000004,7.78080125
9/21/95,-0.642503855,-8.236470441
9/22/95,-0.21784219600000002,1.005175701
9/25/95,0.013755179,-26.34105558
9/26/95,-0.06875526400000001,33.13927944
9/27/95,-0.063637539,13.10947942
9/28/95,0.831271028,-10.59567226
9/29/95,-0.24920579899999998,-8.830088111
10/2/95,-0.460293651,-9.026099925
10/3/95,0.106590117,26.54185383
10/4/95,-0.149406869,-12.06405141
10/5/95,0.199500242,8.279804348999999
10/6/95,-0.024031546,-14.64025253
10/9/95,-0.7073074340000001,-12.22902321
10/10/95,-0.146960425,49.9019323
10/11/95,0.33591943700000004,-17.438395
10/12/95,0.628163094,0.9743499440000001
10/13/95,0.24010016399999998,8.899610532999999
10/16/95,-0.25149204399999997,-19.73150422
10/17/95,0.64319157,18.49709061
10/18/95,0.112473664,15.40209888
10/19/95,0.5464425279999999,-1.130644102
10/20/95,-0.5400832760000001,-4.244749397
10/23/95,-0.40854252399999996,-15.05290734
10/24/95,0.25296209,25.63567649
10/25/95,-0.6939010390000001,4.350965008999999
10/26/95,-0.987175354,7.068400904
10/27/95,0.516722352,-18.31692765
10/30/95,0.612383634,-15.83999156
10/31/95,-0.300042863,18.24476751
11/1/95,0.46775081700000004,0.185484512
11/2/95,0.941426222,5.01996879
11/3/95,0.144142312,-12.23210013
11/6/95,-0.35727940399999997,-11.30559541
11/7/95,-0.36366361700000005,17.98123585
11/8/95,0.919295766,-1.3436437419999998
11/9/95,0.26195060800000003,5.831341375
11/10/95,-0.09102905800000001,-21.554259899999998
11/13/95,-0.0708569,-0.954166527
11/14/95,-0.508190117,19.80124392
11/15/95,0.7924865809999999,6.117036285
11/16/95,0.56906271,12.54453603
11/17/95,0.45702278,3.2886032889999997
11/20/95,-0.536609223,-23.79917658
11/21/95,0.567984273,22.56340988
11/22/95,-0.30653839,-0.817985893
11/23/95,0.0,0.0
11/24/95,0.262357443,-68.91945281
11/27/95,0.225017262,185.3181854
11/28/95,0.8531239509999999,13.84735333
11/29/95,0.19622441699999998,-2.587682825
11/30/95,-0.37357974200000005,10.48759667
12/1/95,0.265950578,-10.62152028
12/4/95,1.103827675,3.094251354
12/5/95,0.651805509,7.862286673
12/6/95,0.40474032299999996,-4.476861167
12/7/95,-0.646588095,-9.220163722999999
12/8/95,0.21260318399999997,-13.54216105
12/11/95,0.330381562,4.321439463
12/12/95,-0.11944585699999999,2.277311661
12/13/95,0.47027584299999997,18.70176642
12/14/95,-0.767266481,12.04218739
12/15/95,-0.09400830199999999,36.85794111
12/18/95,-1.5462291240000001,-33.06061558
12/19/95,0.8437558740000001,12.20118704
12/20/95,-0.978868673,-8.488751359
12/21/95,0.750897446,-4.996801316
12/22/95,0.239155764,-30.35280537
12/25/95,0.0,0.0
12/26/95,0.38401437299999996,-24.97237569
12/27/95,0.037447665,16.11745214
12/28/95,-0.066723184,14.41141498
12/29/95,0.29473034800000003,11.29009908
1/1/96,0.0,0.0
1/2/96,0.779307235,13.36342412
1/3/96,0.09505373,28.76874073
1/4/96,-0.582629717,9.303763727
1/5/96,-0.160270355,-14.72355535
1/8/96,0.283763833,-70.17684336
1/9/96,-1.456845985,220.19024240000002
1/10/96,-1.7999888069999999,19.02970771
1/11/96,0.703452436,-17.71833424
1/12/96,-0.146012709,-6.213307241
1/15/96,-0.330667654,-20.14084507
1/16/96,1.437096946,38.87909073
1/17/96,-0.34021546799999997,7.878274775
1/18/96,0.30839174399999997,-1.811562609
1/19/96,0.590231991,10.50376324
1/22/96,0.256608364,-20.0273246
1/23/96,-0.099453208,4.740729575
1/24/96,1.17006548,14.26446955
1/25/96,-0.47260999,-4.851169235
1/26/96,0.743880489,-14.90722969
1/29/96,0.418258103,-5.799844439
1/30/96,0.949994117,27.80392481
1/31/96,0.93152357,1.692688705
2/1/96,0.38363603700000004,-2.2828826159999998
2/2/96,-0.41036163700000006,-8.974275621
2/5/96,0.8791466029999999,-10.06142565
2/6/96,0.76392187,23.34286319
2/7/96,0.556987283,-0.688929905
2/8/96,0.9447192879999999,2.64517105
2/9/96,0.045724997999999996,0.562140767
2/12/96,0.773956311,-16.69667532
2/13/96,-0.14211232599999998,10.97036869
2/14/96,-0.746391868,-4.47298093
2/15/96,-0.6498077870000001,-1.53393869
2/16/96,-0.5128089060000001,7.283540403
2/19/96,0.0,0.0
2/20/96,-1.131200998,-11.14527459
2/21/96,1.1628739129999999,8.918693642000001
2/22/96,1.660239068,12.58058532
2/23/96,0.033395866,-8.721445197000001
2/26/96,-1.307882924,-9.884232617999999
2/27/96,-0.495039186,8.015926677000001
2/28/96,-0.384708924,3.813696852
2/29/96,-0.670028228,1.20145604
3/1/96,0.6152119739999999,4.04042633
3/4/96,0.9994262690000001,-11.4978366
3/5/96,0.765197218,6.813334292
3/6/96,-0.577925575,-3.9219205739999996
3/7/96,0.253071166,-0.567465322
3/8/96,-3.0826930710000005,28.36139881
3/11/96,1.029205998,-17.75683835
3/12/96,-0.457797086,1.219132369
3/13/96,0.229160862,-9.220185503
3/14/96,0.36332425700000004,19.27220783
3/15/96,0.087380905,7.579725149
3/18/96,1.749221446,-17.52363341
3/19/96,-0.147095988,0.274536719
3/20/96,-0.262398072,-6.506958704
3/21/96,-0.12153882,-10.39582215
3/22/96,0.220273417,-10.2919549
3/25/96,-0.089148351,2.219253772
3/26/96,0.450740431,18.82684883
3/27/96,-0.621774075,1.547151891
3/28/96,0.004627605999999999,-8.745200354
3/29/96,-0.530095539,11.53337829
4/1/96,1.274977537,-5.17278905
4/2/96,0.234046173,3.702948077
4/3/96,0.094618165,-4.923273657
4/4/96,-0.003052388,-0.832859138
4/5/96,0.0,0.0
4/8/96,-1.7717188519999998,7.410015649
4/9/96,-0.31820253800000003,3.637599864
4/10/96,-1.353182387,11.3310996
4/11/96,-0.366220521,9.378091129
4/12/96,0.8761413640000001,-20.48065267
4/15/96,0.907786559,-16.18796428
4/16/96,0.39066912200000004,30.87449837
4/17/96,-0.5255837210000001,2.622929121
4/18/96,0.311715847,-10.75881341
4/19/96,0.226848873,4.947609298
4/22/96,0.437163094,-9.254286303999999
4/23/96,0.569541421,14.49781218
4/24/96,-0.216402278,9.174048466
4/25/96,0.415277861,-6.495083161
4/26/96,0.09037434800000001,-12.89491907
4/29/96,0.107114586,-14.53307828
4/30/96,0.001530207,14.34758597
5/1/96,0.062680039,2.8546734789999997
5/2/96,-1.7110225959999998,9.475557313
5/3/96,-0.272000993,-2.020498465
5/6/96,-0.12780060099999999,-13.40752517
5/7/96,-0.397931994,9.299664733
5/8/96,1.0199620679999999,20.61737712
5/9/96,0.10391022800000001,-18.39704517
5/10/96,1.030308778,5.950879276
5/13/96,1.444583203,-7.9814179329999995
5/14/96,0.618277265,16.80957938
5/15/96,-0.027042219,-2.747372079
5/16/96,-0.085661239,-12.44333281
5/17/96,0.61066363,9.45494427
5/20/96,0.633874687,-10.28568765
5/21/96,-0.057938645,6.392207792000001
5/22/96,0.841306397,3.432533385
5/23/96,-0.356708685,1.930747988
5/24/96,0.37130325399999997,-23.78140558
5/27/96,0.0,0.0
5/28/96,-0.9255618790000001,3.7460124560000003
5/29/96,-0.639660106,1.537425325
5/30/96,0.564433255,10.16064373
5/31/96,-0.384102569,-7.909205152
6/3/96,-0.215208335,-9.461265102999999
6/4/96,0.730889805,21.21706911
6/5/96,0.874272038,-1.471350119
6/6/96,-0.797413623,22.76264591
6/7/96,0.041598292,-4.546622692
6/10/96,-0.17080171100000002,-24.28260528
6/11/96,-0.177041485,20.12267394
6/12/96,-0.287642232,-2.022743531
6/13/96,-0.16740329999999998,0.10826053
6/14/96,-0.309918411,-1.757959861
6/17/96,-0.103627397,-23.60801782
6/18/96,-0.466049541,25.09299286
6/19/96,-0.015100746000000002,2.764606606
6/20/96,0.021142364,14.97614765
6/21/96,0.715911671,17.974878699999998
6/24/96,0.30141397,-35.84194949
6/25/96,-0.055318235,17.39156482
6/26/96,-0.611830589,-1.3727991830000001
6/27/96,0.626134184,4.931180793
6/28/96,0.311123631,15.99684403
7/1/96,0.782845975,-26.50809846
7/2/96,-0.33586139299999995,12.219812
7/3/96,-0.179623377,-13.33505155
7/4/96,0.0,0.0
7/5/96,-2.224869344,-46.03283174
7/8/96,-0.74531881,102.54587540000001
7/9/96,0.338679939,8.872020895
7/10/96,0.20007606,5.292750581
7/11/96,-1.583698904,23.5243859
7/12/96,0.080539442,-23.77274387
7/15/96,-2.53640786,5.615768513
7/16/96,-0.227055101,62.99460646
7/17/96,0.907110786,-24.76646461
7/18/96,1.496678741,-7.662067221
7/19/96,-0.7505155720000001,-13.99274965
7/22/96,-0.77653471,-19.79317274
7/23/96,-1.088726949,28.90314696
7/24/96,-0.03509037,9.748755629
7/25/96,0.721289209,-12.44843747
7/26/96,0.74940842,-13.68805348
7/29/96,-0.784722568,-19.53129466
7/30/96,0.689486169,21.14291803
7/31/96,0.738280692,18.31481427
8/1/96,1.573561655,8.809099019
8/2/96,1.918397836,0.676368108
8/5/96,-0.34113873899999997,-30.50126674
8/6/96,0.32564789,13.03541206
8/7/96,0.26872308699999997,13.54775548
8/8/96,-0.23638070100000003,-15.15697114
8/9/96,-0.073959912,-2.178916221
8/12/96,0.5543036,-4.616841848
8/13/96,-0.8366264370000001,16.11301534
8/14/96,0.280214475,-5.244571965
8/15/96,0.034746772,-5.68042858
8/16/96,0.442409988,4.229047693
8/19/96,0.205949242,-12.90389457
8/20/96,-0.13351960400000001,13.90097933
8/21/96,-0.093135694,4.137807499
8/22/96,0.843518117,1.7573533630000002
8/23/96,-0.544218411,-13.2243978
8/26/96,-0.472246205,-8.629589948
8/27/96,0.37958953100000004,10.33649575
8/28/96,-0.23859933100000003,-4.534329512
8/29/96,-1.114600265,8.325462151
8/30/96,-0.822943992,-19.53786746
9/2/96,0.0,0.0
9/3/96,0.418715171,33.81066646
9/4/96,0.135938117,1.605252502
9/5/96,-0.941105709,2.886504028
9/6/96,0.9608264009999999,-3.5193536780000003
9/9/96,1.232311049,-10.662154800000001
9/10/96,0.007531035,19.71880718
9/11/96,0.522744612,1.051051051
9/12/96,0.579965656,5.821481639
9/13/96,1.399084208,22.45123113
9/16/96,0.505481252,-11.93381931
9/17/96,-0.152048018,4.596819196
9/18/96,-0.215250387,-11.83727909
9/19/96,0.22451891699999998,0.49924357
9/20/96,0.59004817,30.31762758
9/23/96,-0.080061857,-42.67452158
9/24/96,-0.126732756,54.53721118
9/25/96,0.032092881000000004,-1.834184505
9/26/96,0.004369596,10.88308871
9/27/96,0.048117255,-17.19208577
9/30/96,0.16613693,-6.31449513
10/1/96,0.254608406,8.487531204
10/2/96,0.7154456490000001,4.407543588999999
10/3/96,-0.177228135,-12.18503624
10/4/96,1.252921943,20.03622251
10/7/96,0.26801313600000004,-17.931198000000002
10/8/96,-0.383884309,14.26657912
10/9/96,-0.556637491,-6.118555635
10/10/96,-0.305710169,-3.3051781119999997
10/11/96,0.8709906470000001,0.278516268
10/14/96,0.411041748,-18.6971342
10/15/96,-0.137870061,42.54037267
10/16/96,0.26189077,-3.82805351
10/17/96,0.36626639299999997,8.413946218
10/18/96,0.541735676,-1.15557413
10/21/96,-0.136466474,-12.34408693
10/22/96,-0.4620651,-0.926126908
10/23/96,0.099071995,7.638939604
10/24/96,-0.704121744,-5.246850759
10/25/96,-0.19507540199999998,-12.25147385
10/28/96,-0.522167022,4.346643456
10/29/96,0.608093099,15.710859699999999
10/30/96,-0.085527584,-1.378719953
10/31/96,0.6234835,10.29536058
11/1/96,-0.212684498,-3.589180681
11/4/96,0.42058625899999996,-14.3326674
11/5/96,1.048495919,22.03415331
11/6/96,1.4633001630000002,4.713763202
11/7/96,0.42230735799999997,-1.3873626369999998
11/8/96,0.435646656,-19.94109804
11/11/96,0.143672586,-12.02028236
11/12/96,-0.31562941699999997,33.27494632
11/13/96,0.215199162,-8.882011277
11/14/96,0.649679259,11.75088405
11/15/96,0.236450235,10.1488498
11/18/96,-0.081339308,-26.56964657
11/19/96,0.69739666,18.90764954
11/20/96,0.241193148,7.775228365
11/21/96,-0.161302773,-6.72223338
11/22/96,0.80511343,13.08700988
11/25/96,1.108550375,-9.510481522000001
11/26/96,-0.141342742,10.96662879
11/27/96,-0.12699375300000001,-28.36664265
11/28/96,0.0,0.0
11/29/96,0.267552318,-96.03208216
12/2/96,-0.060767481,2651.967979
12/3/96,-1.0944233140000001,25.12363037
12/4/96,-0.424981675,-3.471791692
12/5/96,-0.096627436,-2.916265254
12/6/96,-0.6421490320000001,3.5455128069999997
12/9/96,1.373720164,-23.817034699999997
12/10/96,-0.296099014,16.9169484
12/11/96,-0.9109878,10.77961087
12/12/96,-1.543071336,-0.26102264199999997
12/13/96,-0.090494037,-6.974762639
12/16/96,-1.051278387,-2.394556636
12/17/96,0.7018222609999999,16.14978997
12/18/96,0.7575340429999999,-3.722299169
12/19/96,1.943848925,5.178924653999999
12/20/96,0.417022227,24.30234988
12/23/96,-0.26039392899999997,-47.53797720000001
12/24/96,0.550265904,-51.89349802
12/25/96,0.0,0.0
12/26/96,0.637787813,54.19038392
12/27/96,0.128333597,-0.322035895
12/30/96,-0.38848321,33.588117100000005
12/31/96,-1.7390709580000001,17.90243615
1/1/97,0.0,0.0
1/2/97,-0.50354781,15.87702622
1/3/97,1.4952332869999998,-2.2148824559999998
1/6/97,-0.050800767999999996,17.30357419
1/7/97,0.746332618,1.292933095
1/8/97,-0.639911731,3.584036268
1/9/97,0.8604913390000001,-0.38384961700000003
1/10/97,0.616019626,-1.714172534
1/13/97,0.0013179720000000002,-18.40249153
1/14/97,1.231053558,19.35339021
1/15/97,-0.21590055800000002,-1.243416102
1/16/97,0.33237590699999997,2.34290177
1/17/97,0.834034816,-0.493215954
1/20/97,0.068287748,-17.61372138
1/21/97,0.77506874,29.69782278
1/22/97,0.44843738899999996,3.142066937
1/23/97,-1.102728492,16.26529539
1/24/97,-0.9053935409999999,-20.74970441
1/27/97,-0.713803647,-17.89582259
1/28/97,0.0,21.49587222
1/29/97,0.9777495759999999,-7.9748144320000005
1/30/97,1.5106774109999999,5.170649491
1/31/97,0.253770234,10.37660256
2/3/97,0.072505218,-19.86863711
2/4/97,0.321588101,9.26013805
2/5/97,-1.39117412,14.60722958
2/6/97,0.240272772,-10.48370427
2/7/97,1.2061749290000001,4.089212177
2/10/97,-0.523076778,-12.81544065
2/11/97,0.529650515,2.438558918
2/12/97,1.669219791,16.72566188
2/13/97,1.127344915,5.288265442
2/14/97,-0.41142457299999996,-17.20873827
2/17/97,0.0,0.0
2/18/97,0.966010067,-3.545998291
2/19/97,-0.465519375,9.542089389
2/20/97,-1.192630324,-5.223837489
2/21/97,-0.128296963,-2.79752956
2/24/97,1.061402745,-3.3441320930000002
2/25/97,0.21597471699999998,14.05557358
2/26/97,-0.781995219,8.810313773999999
2/27/97,-1.316898284,-19.03749652
2/28/97,-0.534544123,9.387509146000001
3/3/97,0.567763961,-13.9804832
3/4/97,-0.548212145,23.02502173
3/5/97,1.39578707,-1.002063619
3/6/97,-0.427685139,1.466666667
3/7/97,0.802691472,-5.929929115
3/10/97,1.078307678,-7.769492593
3/11/97,-0.28390547899999996,5.219932591
3/12/97,-0.8726325290000001,-0.618347694
3/13/97,-1.827768609,3.541411669
3/14/97,0.45721477899999996,-3.15627709
3/17/97,0.320238922,0.756805143
3/18/97,-0.760333392,-5.639462101
3/19/97,-0.49261114100000003,14.60424111
3/20/97,-0.397062235,-7.113783187999999
3/21/97,0.18526186100000003,28.39913162
3/24/97,0.865965975,-29.24259503
3/25/97,-0.23012150399999998,7.865566299
3/26/97,0.181225112,3.9280439780000003
3/27/97,-2.1024661609999997,-5.897329622999999
3/28/97,0.0,0.0
3/31/97,-2.165711724,16.58801569
4/1/97,0.33284288,-7.215586097999999
4/2/97,-1.2545455490000001,-7.282315761
4/3/97,0.027998827,4.1404403919999995
4/4/97,1.0102378890000001,9.351217847000001
4/7/97,0.5581186,-16.67156341
4/8/97,0.523531415,-0.6610987460000001
4/9/97,-0.7205162420000001,0.157501276
4/10/97,-0.297127146,-6.580287929
4/11/97,-2.728327962,5.35574575
4/14/97,0.824233146,-8.456726225
4/15/97,1.477685625,24.72222222
4/16/97,1.1673280609999999,-1.6851607309999999
4/17/97,-0.230509467,0.9903371959999999
4/18/97,0.599919514,-6.912021598
4/21/97,-0.779031734,-15.27700772
4/22/97,1.8727711630000001,27.73722628
4/23/97,-0.125220436,-3.57635468
4/24/97,-0.317980191,0.876673138
4/25/97,-0.753390655,-16.06231262
4/28/97,0.991680762,-2.384457584
4/29/97,2.72846789,35.40930106
4/30/97,0.918083132,1.530062627
5/1/97,-0.35066237899999997,-17.20826515
5/2/97,1.808315464,8.555975499
5/5/97,2.130460856,9.932568982000001
5/6/97,-0.304708965,9.877868987000001
5/7/97,-1.466610473,-17.07858468
5/8/97,0.568894219,6.700227736
5/9/97,0.5510470999999999,-14.68396615
5/12/97,1.561621711,0.8075665470000001
5/13/97,-0.540788404,6.61558221
5/14/97,0.34928198299999996,3.1035609280000003
5/15/97,0.698534419,-9.266080482000001
5/16/97,-1.440823505,6.244407098
5/19/97,0.42422657399999997,-29.0973335
5/20/97,1.0068708579999999,30.628150899999998
5/21/97,-0.274457272,19.93567705
5/22/97,-0.439626271,-21.04377416
5/23/97,1.3606079469999999,-2.321169251
5/26/97,0.0,0.0
5/27/97,0.316398818,4.584802053
5/28/97,-0.29421802,11.736787800000002
5/29/97,-0.36944853299999997,-5.076537941000001
5/30/97,0.49758457899999997,16.12624297
6/2/97,-0.22634553899999998,-18.84772897
6/3/97,-0.103975261,20.91294873
6/4/97,-0.635141591,-11.46418273
6/5/97,0.39518730399999996,-3.0169920080000003
6/6/97,1.7286576390000001,8.026778021
6/9/97,0.571084596,-4.730641797
6/10/97,0.273498635,13.13196368
6/11/97,0.496953194,-2.5124293140000002
6/12/97,1.597342927,15.37548176
6/13/97,1.110406556,-2.8545880919999997
6/16/97,0.070527834,-28.05265626
6/17/97,0.058167467,31.07318722
6/18/97,-0.59926937,-9.441815068
6/19/97,1.004430749,9.191849351
6/20/97,0.079067919,21.635564499999997
6/23/97,-2.2343403509999997,-24.524199600000003
6/24/97,2.016802725,10.08439161
6/25/97,-0.820005442,11.12872017
6/26/97,-0.597306726,-17.12324224
6/27/97,0.40964999,-5.450398175
6/30/97,-0.243432101,18.83438439
7/1/97,0.6654330279999999,-3.0897175619999997
7/2/97,1.4589856209999998,-3.164335986
7/3/97,1.4258325040000002,-28.89917832
7/4/97,0.0,0.0
7/7/97,-0.514763675,38.45948543
7/8/97,0.718042964,1.3936543430000001
7/9/97,-1.220138449,11.99596966
7/10/97,0.6875786359999999,-6.411366298
7/11/97,0.317359092,-9.302789567
7/14/97,0.185453158,-2.817718228
7/15/97,0.803589468,23.13153346
7/16/97,1.169851461,8.192255628
7/17/97,-0.531720588,-2.80202042
7/18/97,-1.750732309,-6.283671037
7/21/97,-0.257837434,-22.08034458
7/22/97,2.30463973,26.13492927
7/23/97,0.276239112,6.442485205
7/24/97,0.399332665,-7.441687063
7/25/97,-0.160588112,-8.670449371
7/28/97,-0.249253406,-10.46768039
7/29/97,0.623628162,16.62383278
7/30/97,1.06124444,4.394534837
7/31/97,0.212122363,-3.6307984589999998
8/1/97,-0.751326405,-6.2209079460000005
8/4/97,0.333633143,-11.24087591
8/5/97,0.217826689,15.2872807
8/6/97,0.834760864,7.51174602
8/7/97,-0.950725272,1.916135881
8/8/97,-1.85557291,-2.189122094
8/11/97,0.37063458299999996,-14.74566043
8/12/97,-1.11739285,3.949285922
8/13/97,-0.486763392,17.60429393
8/14/97,0.298258166,-9.664344952999999
8/15/97,-2.590916821,1.3874750219999998
8/18/97,1.296609943,-4.367632293
8/19/97,1.481662281,6.085587073999999
8/20/97,1.440585507,-4.464563899
8/21/97,-1.5223280319999999,-4.272258139
8/22/97,-0.163235503,-7.783567134
8/25/97,-0.365983615,-15.46635953
8/26/97,-0.775946923,15.45541016
8/27/97,0.07447722799999999,9.583398277
8/28/97,-1.097737646,-1.188661993
8/29/97,-0.464772769,-14.88587292
9/1/97,0.0,0.0
9/2/97,3.125178928,18.83501244
9/3/97,0.030182625,11.62705593
9/4/97,0.324403471,1.866826941
9/5/97,-0.195516776,-4.096118432
9/8/97,0.231421778,-13.04436987
9/9/97,0.259877896,7.668889222000001
9/10/97,-1.56273067,3.070489845
9/11/97,-0.7007390179999999,11.08921603
9/12/97,1.240419648,-5.368508921
9/15/97,-0.44809052,-13.98878986
9/16/97,2.8126590819999997,35.96991646
9/17/97,-0.27917759,-7.201671957
9/18/97,0.45492873799999994,-4.0165947
9/19/97,0.339920412,11.32791137
9/22/97,0.517615064,-22.20778398
9/23/97,-0.366327206,6.524750458
9/24/97,-0.782621942,22.28405331
9/25/97,-0.6956216270000001,-17.91824352
9/26/97,0.7793922879999999,-3.722755677
9/29/97,0.859065218,-5.588316777
9/30/97,-0.635659663,23.13980298
10/1/97,0.858240832,1.8995744680000002
10/2/97,0.52857403,-20.69622156
10/3/97,0.475814391,31.3021316
10/6/97,0.793754885,-20.49344691
10/7/97,1.072283356,11.36959768
10/8/97,-0.9439303490000001,3.829918293
10/9/97,-0.330653076,-3.711329413
10/10/97,-0.37501957700000005,-9.270803131000001
10/13/97,0.115824115,-29.13637453
10/14/97,0.22518882899999998,43.83596392
10/15/97,-0.469973396,-0.983677228
10/16/97,-1.084162212,18.14727593
10/17/97,-1.160955457,4.685013651
10/20/97,1.2127194890000002,-22.57672246
10/21/97,1.7444401230000002,20.34182029
10/22/97,-0.389809405,5.354536244
10/23/97,-1.8379114069999998,9.74425011
10/24/97,-0.9519388000000001,0.647585664
10/27/97,-6.865683698,2.375927866
10/28/97,5.115222125,73.34553789
10/29/97,-0.291804857,-35.33241861
10/30/97,-1.684144268,-8.413702646
10/31/97,1.210605755,-10.41236679
11/3/97,2.664494012,-11.49246948
11/4/97,0.188502542,-4.099231505
11/5/97,0.21259407100000002,4.44801418
11/6/97,-0.5017163379999999,-7.564347334
11/7/97,-1.121501303,9.00571822
11/10/97,-0.687863735,-18.569072600000002
11/11/97,0.287692724,-6.136079631
11/12/97,-1.929031419,34.35706744
11/13/97,1.1810621590000001,11.7231011
11/14/97,1.275282367,-2.783044835
11/17/97,1.9227701259999999,-9.314835787
11/18/97,-0.8423200059999999,-9.567419433
11/19/97,0.677877187,4.092984004
11/20/97,1.523407255,11.03515625
11/21/97,0.42858527700000004,1.392276929
11/24/97,-1.704933448,-15.72504092
11/25/97,0.438381281,14.17113338
11/26/97,0.08624219,-17.03379884
11/27/97,0.0,0.0
11/28/97,0.395108333,-61.23628908
12/1/97,2.027422599,212.21240809999998
12/2/97,-0.317000619,-2.402168389
12/3/97,0.52383779,8.416649309
12/4/97,-0.37573266200000005,1.418485135
12/5/97,1.098551255,-11.03130377
12/8/97,-0.144338023,-13.00058553
12/9/97,-0.670823217,9.954723446000001
12/10/97,-0.613873088,11.71517074
12/11/97,-1.531256905,4.894652078
12/12/97,-0.162312501,-8.308403375
12/15/97,1.048888686,3.0848639689999997
12/16/97,0.482666721,4.382483463
12/17/97,-0.258253797,-0.7091060770000001
12/18/97,-1.060545418,-0.00484731
12/19/97,-0.891862149,28.16908236
12/22/97,0.7308965959999999,-33.09757943
12/23/97,-1.5277348030000002,-2.939680027
12/24/97,-0.684675494,-48.36041703
12/25/97,0.0,0.0
12/26/97,0.403131763,-41.76253854
12/29/97,1.80359584,186.0942544
12/30/97,1.834588707,12.71324127
12/31/97,-0.042234970999999996,-6.45045045
1/1/98,0.0,0.0
1/2/98,0.475045602,-21.51814758
1/5/98,0.208199566,71.26223652
1/6/98,-1.073617031,-1.5460060180000001
1/7/98,-0.266922237,7.929038101000001
1/8/98,-0.824690041,-2.285020752
1/9/98,-2.966370625,14.45701843
1/12/98,1.241796287,-5.488866858
1/13/98,1.374556563,-8.322347438
1/14/98,0.611268226,-6.719856511000001
1/15/98,-0.752659038,-5.67398223
1/16/98,1.133868735,17.75415166
1/19/98,0.0,0.0
1/20/98,1.7774090569999998,-3.774176218
1/21/98,-0.796032924,-2.8893128
1/22/98,-0.8003646459999999,3.259550275
1/23/98,-0.56591119,-1.670352785
1/26/98,-0.066836014,-12.69169668
1/27/98,1.261299739,22.34993154
1/28/98,0.870983243,4.318697176000001
1/29/98,0.821513701,5.969201236
1/30/98,-0.528667064,-18.29879056
2/2/98,2.141223975,18.08666732
2/3/98,0.472398045,-4.445548929
2/4/98,0.089465606,0.476795931
2/5/98,-0.33370204800000003,1.230910816
2/6/98,0.8888578629999999,-19.081508
2/9/98,-0.169886412,-7.871500043999999
2/10/98,0.818214386,22.48242221
2/11/98,0.098134463,-6.767268202
2/12/98,0.40489847700000003,2.0323710999999998
2/13/98,-0.395452569,-13.00778439
2/16/98,0.0,0.0
2/17/98,0.261739938,13.90194383
2/18/98,0.91125444,0.018155111
2/19/98,-0.368181455,-3.99009901
2/20/98,0.576684544,2.144993297
2/23/98,0.380005429,-7.331314151
2/24/98,-0.7301477540000001,7.1087465729999995
2/25/98,1.19740377,3.6397233339999997
2/26/98,0.553266839,5.71358469
2/27/98,0.06388301099999999,-11.10973572
3/2/98,-0.15629014900000002,2.957457179
3/3/98,0.41233838,3.5318782019999997
3/4/98,-0.44581509,5.212620027
3/5/98,-1.172496493,0.6192959579999999
3/6/98,1.994096036,2.657843183
3/9/98,-0.320158587,-6.130728775
3/10/98,1.1346409640000001,1.155754762
3/11/98,0.396520648,3.693505507
3/12/98,0.135714904,-9.205506211
3/13/98,-0.12244457,0.480720745
3/16/98,0.9975608640000001,-8.166610907
3/17/98,0.109326765,24.04094867
3/18/98,0.469255332,-7.088522086
3/19/98,0.388751006,-5.445004663
3/20/98,0.864430423,19.90338326
3/23/98,-0.328431246,-11.98366118
3/24/98,0.9219090459999999,-4.059554922
3/25/98,-0.336450949,11.69352176
3/26/98,-0.102547797,-10.31409356
3/27/98,-0.486928394,-4.050958353
3/30/98,-0.16796584899999997,-14.56397396
3/31/98,0.7452472729999999,35.6915963
4/1/98,0.580896211,0.35262916200000005
4/2/98,1.0702509359999999,-0.43849935799999995
4/3/98,0.240171157,-3.034077765
4/6/98,-0.11756890199999999,-4.292836606
4/7/98,-1.054946222,7.182691232000001
4/8/98,-0.712002582,-8.11467589
4/9/98,0.81877364,-10.93407752
4/10/98,0.0,0.0
4/13/98,-0.088244299,2.8309104819999997
4/14/98,0.546103806,8.724844103999999
4/15/98,0.31995931,11.61585714
4/16/98,-0.996131807,2.1240255759999997
4/17/98,1.312968806,-3.899538288
4/20/98,0.08283926700000001,-11.46826518
4/21/98,0.268768739,13.51669215
4/22/98,0.343489651,3.1229648930000002
4/23/98,-0.9694555359999999,-6.250538221
4/24/98,-1.043242328,-2.954729864
4/27/98,-1.9279704430000002,8.214358958
4/28/98,-0.131615398,-1.07294886
4/29/98,0.876409777,-5.866489832
4/30/98,1.564927105,8.89337654
5/1/98,0.8320215879999999,-16.33553767
5/4/98,0.09544567400000001,-5.201299036
5/5/98,-0.585520183,5.7875657060000005
5/6/98,-0.9484496640000001,3.925432209
5/7/98,-0.885134545,-4.006330992
5/8/98,1.187062825,-2.4646194009999998
5/11/98,-0.135361956,-1.241437602
5/12/98,0.82682931,7.770487126
5/13/98,0.27513653,-0.729625095
5/14/98,-0.13317037199999998,-3.604939918
5/15/98,-0.7732456609999999,7.540025589
5/18/98,-0.262465528,-16.54206659
5/19/98,0.334600042,9.038720863
5/20/98,0.859834778,3.748984135
5/21/98,-0.394978265,-6.006062257000001
5/22/98,-0.374115763,-19.54816385
5/25/98,0.0,0.0
5/26/98,-1.4813503680000002,21.91996757
5/27/98,-0.163620406,25.97476958
5/28/98,0.491654331,-13.65609055
5/29/98,-0.617714117,-5.454236712999999
6/1/98,0.014670981999999999,-3.434031395
6/2/98,0.20531916600000003,9.907748391
6/3/98,-0.959549887,-1.0914998390000001
6/4/98,1.117543268,-1.199356693
6/5/98,1.738172115,-3.295409285
6/8/98,0.16698562,-2.6950075210000004
6/9/98,0.24110557,3.7210843039999997
6/10/98,-0.548099965,8.126186547
6/11/98,-1.5913324469999999,2.963522095
6/12/98,0.38919130399999996,0.929128086
6/15/98,-1.986636514,-5.918206221
6/16/98,0.9823451870000001,11.54375483
6/17/98,1.794795797,12.00722239
6/18/98,-0.066839791,-20.6824288
6/19/98,-0.517003446,21.18081431
6/22/98,0.23258410399999999,-25.7092942
6/23/98,1.475696338,23.61960305
6/24/98,1.196081709,8.796225841
6/25/98,-0.317772049,-6.294586655
6/26/98,0.347116915,-22.3690103
6/29/98,0.466823088,8.518411691
6/30/98,-0.408437847,34.17205635
7/1/98,1.29825138,-7.34284205
7/2/98,-0.186321558,-27.279076399999997
7/3/98,0.0,0.0
7/6/98,0.9516504929999999,0.889829678
7/7/98,-0.23069669899999998,21.39679456
7/8/98,1.015014866,-2.826097393
7/9/98,-0.670445821,9.283138185
7/10/98,0.498023124,-13.18866787
7/13/98,0.073860936,-0.208304402
7/14/98,1.063347233,21.81672697
7/15/98,-0.235219442,3.369984292
7/16/98,0.7813970379999999,-6.368282912000001
7/17/98,0.233110924,-8.818235468
7/20/98,-0.223300948,-9.295665259
7/21/98,-1.6071303430000001,17.68168682
7/22/98,-0.08497258099999999,12.14188267
7/23/98,-2.090058838,0.243309002
7/24/98,0.092129765,-5.798274002
7/27/98,0.567143296,-11.25250501
7/28/98,-1.484395975,13.48570138
7/29/98,-0.445040792,-8.420977828
7/30/98,1.576593757,6.681151548
7/31/98,-1.9493335630000002,-6.035787023999999
8/3/98,-0.734391273,-3.9494666439999997
8/4/98,-3.624460478,37.42746615
8/5/98,0.86837845,-0.117288295
8/6/98,0.758250704,-9.769844998
8/7/98,-0.016524325,-1.210307132
8/10/98,-0.579185487,-23.70175207
8/11/98,-1.307313441,33.70627439
8/12/98,1.425657289,-8.096590909
8/13/98,-0.85867603,-7.165940705
8/14/98,-1.131260628,-2.52308158
8/17/98,1.968482145,-9.261990901
8/18/98,1.617642482,18.17652897
8/19/98,-0.285133685,-8.249348393
8/20/98,-0.58831782,-1.8938497230000002
8/21/98,-0.94906433,16.74147001
8/24/98,0.638158509,-23.09494281
8/25/98,0.43284512399999997,19.13635549
8/26/98,-0.7924266999999999,1.3836667169999999
8/27/98,-3.836963748,39.23750185
8/28/98,-1.4818818040000001,-10.47304496
8/31/98,-6.801408277,9.187195049
9/1/98,3.8630264789999997,32.59945504
9/2/98,-0.38018526,-26.46720368
9/3/98,-0.829897642,-1.5761234069999999
9/4/98,-0.85211603,-11.37989779
9/7/98,0.0,0.0
9/8/98,5.0898978569999995,4.421376394
9/9/98,-1.686437147,-13.56161021
9/10/98,-2.584974129,24.98935113
9/11/98,2.9453469169999997,-6.952175395
9/14/98,2.04744743,-12.78232206
9/15/98,0.773033759,1.4277715569999998
9/16/98,0.751669647,10.06072316
9/17/98,-2.545240991,-12.9153605
9/18/98,0.11974363800000001,14.42764579
9/21/98,0.372514964,-23.25657481
9/22/98,0.560606112,13.9404473
9/23/98,3.541074058,29.47186646
9/24/98,-2.192122217,-10.42569745
9/25/98,0.194685923,-8.574264797
9/28/98,0.37711806700000006,-6.28393051
9/29/98,0.031475366,10.07965243
9/30/98,-3.051420315,5.262465465
10/1/98,-3.010786,12.44844394
10/2/98,1.643362235,0.355674114
10/5/98,-1.4003569059999998,-9.458411783999999
10/6/98,-0.401591305,3.449541284
10/7/98,-1.412774212,15.52560009
10/8/98,-1.157950208,14.0839304
10/9/98,2.600476627,-21.2183743
10/12/98,1.353122929,-21.29597996
10/13/98,-0.29167132100000004,6.106207495
10/14/98,1.0786129,7.895813446
10/15/98,4.1729197330000005,18.50353893
10/16/98,0.852519268,11.15614334
10/19/98,0.5651133779999999,-29.13068509
10/20/98,0.144959853,29.73192526
10/21/98,0.563005996,-22.23961595
10/22/98,0.800053803,1.3152596970000001
10/23/98,-0.7241614259999999,-15.5331832
10/26/98,0.15409995,-4.34884888
10/27/98,-0.650923265,25.34636258
10/28/98,0.258133562,-11.37998692
10/29/98,1.6702795240000001,3.232472325
10/30/98,1.173186979,12.23906205
11/2/98,1.1768712609999998,-3.974522293
11/3/98,-0.068370818,-6.566728575
11/4/98,0.704879032,22.2632401
11/5/98,1.356962411,-10.55626524
11/6/98,0.6314798389999999,-11.30875097
11/9/98,-0.947411408,-13.19133363
11/10/98,-0.171645822,13.20595626
11/11/98,-0.646131117,6.614032474
11/12/98,-0.292606411,-7.461226771000001
11/13/98,0.718448803,-9.063868337999999
11/16/98,0.901647325,2.209972272
11/17/98,0.303727629,14.55862764
11/18/98,0.45290473700000006,-7.471639251
11/19/98,0.7103667290000001,2.833673047
11/20/98,0.949155755,7.4813710879999995
11/23/98,2.119368395,7.334997227000001
11/24/98,-0.439313856,-1.020539982
11/25/98,0.32798291,-23.83450796
11/26/98,0.0,0.0
11/27/98,0.46003025,-55.97004695
11/30/98,-2.4070477180000003,167.7174548
12/1/98,1.001179408,14.72597761
12/2/98,-0.342899471,-7.830714648
12/3/98,-1.8023466380000002,9.857025021
12/4/98,2.312759721,-11.18758603
12/7/98,0.9313834059999999,-5.424827392
12/8/98,-0.532116381,8.417759237
12/9/98,0.178603412,-4.603545417
12/10/98,-1.560635929,7.836358398
12/11/98,0.12359796199999999,-7.974886455
12/14/98,-2.165527394,7.678908405
12/15/98,1.895373811,4.866540847
12/16/98,-0.076538706,-6.73608433
12/17/98,1.5525792999999999,1.915920055
12/18/98,0.682219117,13.55152827
12/21/98,1.246596183,-11.291091
12/22/98,0.06068804,-8.633190118
12/23/98,2.074669036,2.498163115
12/24/98,-0.18477370899999998,-64.590681
12/25/98,0.0,0.0
12/28/98,-0.063609971,115.2239048
12/29/98,1.331717854,10.33373467
12/30/98,-0.79561322,1.318010537
12/31/98,-0.219174294,21.03261418
1/1/99,0.0,0.0
1/4/99,-0.09192779400000001,21.94104561
1/5/99,1.358199929,-11.63055872
1/6/99,2.214040743,27.34193548
1/7/99,-0.205132753,-12.55446347
1/8/99,0.422135894,8.667439166
1/11/99,-0.879150593,-12.7745788
1/12/99,-1.9281889819999998,-2.17603912
1/13/99,-0.41225855,16.4083979
1/14/99,-1.7992613880000001,-14.41760601
1/15/99,2.563135359,0.11289513300000001
1/18/99,0.0,0.0
1/19/99,0.702989715,-1.57874953
1/20/99,0.369009185,15.30235519
1/21/99,-1.707752629,-3.742961245
1/22/99,-0.807190382,-9.853177334
1/25/99,0.717442962,-7.889044407999999
1/26/99,1.485443791,23.82925818
1/27/99,-0.729852398,-0.290049085
1/28/99,1.785753374,-5.034683374
1/29/99,1.127734975,8.034872762000001
2/1/99,-0.518897106,-12.82442748
2/2/99,-0.8648868809999999,5.766825119
2/3/99,0.79873502,3.666469545
2/4/99,-1.8536681940000002,-2.5213919
2/5/99,-0.728076803,2.059925094
2/8/99,0.35258963299999996,-19.10550459
2/9/99,-2.221472182,4.337964276
2/10/99,0.609307638,-1.983695652
2/11/99,2.491928305,13.08566676
2/12/99,-1.906640399,-15.23657759
2/15/99,0.0,0.0
2/16/99,0.954369859,-5.457700651000001
2/17/99,-1.436540545,12.44187469
2/18/99,1.082489783,0.993062168
2/19/99,0.15679086,-5.711206897
2/22/99,2.6565133530000002,2.642857143
2/23/99,-0.075460326,8.712595685
2/24/99,-1.397915263,0.11522212300000001
2/25/99,-0.6693750470000001,-5.306905371
2/26/99,-0.537345897,5.955435517000001
3/1/99,-0.175229711,-10.846291099999998
3/2/99,-0.862350643,7.734095783
3/3/99,0.179514565,-0.25212314199999997
3/4/99,1.5427274380000002,2.554210456
3/5/99,2.312612755,8.301984693
3/8/99,0.56920266,-14.40891125
3/9/99,-0.225301821,12.46851385
3/10/99,0.546943382,4.753017295
3/11/99,0.842380427,7.471196104
3/12/99,-0.238124027,-8.731211317
3/15/99,0.978691658,-11.93993703
3/16/99,-0.067316754,3.396589659
3/17/99,-0.655250308,0.053198564000000004
3/18/99,1.443197345,10.46125216
3/19/99,-1.3110029509999999,10.07220217
3/22/99,-0.175482681,-28.04198098
3/23/99,-2.6884908160000003,23.26040717
3/24/99,0.5110329220000001,-6.088992974
3/25/99,1.686914178,2.926893293
3/26/99,-0.557364092,-9.818923744
3/29/99,2.1336134980000003,5.7550904979999995
3/30/99,-0.7189939999999999,-2.527075812
3/31/99,-1.105516433,26.79012346
4/1/99,0.571373402,-23.94244293
4/2/99,0.0,0.0
4/5/99,2.11792541,-1.024182077
4/6/99,-0.244488011,13.17907445
4/7/99,0.682909795,3.66984127
4/8/99,1.287971483,4.176874081
4/9/99,0.325153355,-15.80246914
4/12/99,0.762415484,13.22441
4/13/99,-0.648451673,0.012333498
4/14/99,-1.5839153259999998,17.40041929
4/15/99,-0.42079169899999996,14.47478992
4/16/99,-0.29103648,-8.028996146
4/19/99,-2.2380606519999997,21.16132894
4/20/99,1.2943251740000001,-18.85704875
4/21/99,2.292959568,-6.636898721000001
4/22/99,1.698945535,0.858695652
4/23/99,-0.14497653,-19.7219528
4/26/99,0.235108012,-4.416700228
4/27/99,0.20293593699999998,25.23876404
4/28/99,-0.8724695170000001,6.728720422
4/29/99,-0.598121103,5.45339918
4/30/99,-0.569685087,-6.68593065
5/3/99,1.456728697,-13.358248800000002
5/4/99,-1.670567234,14.99876756
5/5/99,1.1494038290000002,-2.100525131
5/6/99,-1.132627928,-4.170771757
5/7/99,0.972182014,-6.911126342
5/10/99,-0.349438736,-5.104920849
5/11/99,1.142276762,8.121039699999999
5/12/99,0.618910682,-1.267790934
5/13/99,0.261001393,-3.4645669289999996
5/14/99,-2.176139161,-8.671100513999999
5/17/99,0.12632239,-8.560043967999999
5/18/99,-0.46062636100000004,13.208114199999999
5/19/99,0.818260766,6.331298115
5/20/99,-0.401718759,-6.104106852999999
5/21/99,-0.637864201,-8.721084818
5/24/99,-1.7770572059999998,9.918438683
5/25/99,-1.702827811,9.540214655
5/26/99,1.5851748380000001,5.33446232
5/27/99,-1.7895993000000001,-6.821313733999999
5/28/99,1.594332139,-19.89647523
5/31/99,0.0,0.0
6/1/99,-0.582249447,5.206474245
6/2/99,0.042499111,6.463878327000001
6/3/99,0.365303001,-1.153846154
6/4/99,2.1707650519999997,-3.4880489160000003
6/7/99,0.50988665,-4.348452124
6/8/99,-1.288108364,3.2515429780000003
6/9/99,0.09944805400000001,-3.484472955
6/10/99,-1.199726144,8.232628399
6/11/99,-0.7046200840000001,-2.554082345
6/14/99,0.027827293,-4.124892581
6/15/99,0.553325657,4.063340305
6/16/99,2.247994039,15.81969566
6/17/99,0.7133131709999999,-13.20029747
6/18/99,0.21941502699999998,30.58689133
6/21/99,0.45873180399999997,-24.92072171
6/22/99,-0.972571905,4.354791727
6/23/99,-0.211092762,2.135380321
6/24/99,-1.296267928,-5.657283411
6/25/99,-0.035717976,-9.695828505
6/28/99,1.219478015,4.723639047
6/29/99,1.509743896,25.60689835
6/30/99,1.573125959,36.20290209
7/1/99,0.601000957,-24.49418084
7/2/99,0.742962163,-27.25041499
7/5/99,0.0,0.0
7/6/99,-0.222824288,17.8186678
7/7/99,0.557587963,9.448056439
7/8/99,-0.10315798300000001,4.979777553
7/9/99,0.635388529,-15.60317843
7/12/99,-0.297877324,-2.2396576319999997
7/13/99,-0.39596291200000006,7.398219758
7/14/99,0.33080633800000003,2.730978261
7/15/99,0.818924068,8.292553895
7/16/99,0.6498229329999999,-12.78700537
7/19/99,-0.78447714,-10.05041311
7/20/99,-2.1702871790000002,17.50969128
7/21/99,0.159034423,4.067302597
7/22/99,-1.3282244840000001,-1.756842775
7/23/99,-0.296114542,-18.28689905
7/26/99,-0.6765171190000001,-2.716546671
7/27/99,1.118890299,17.98842611
7/28/99,0.187847294,-4.545454545
7/29/99,-1.7848245619999998,11.46330873
7/30/99,-0.9179554320000001,-4.3241137510000005
8/2/99,-0.050418599,-11.8417481
8/3/99,-0.44200103799999996,13.86344392
8/4/99,-1.274417803,6.7198485670000005
8/5/99,0.641983658,8.868617763
8/6/99,-1.021528526,-18.66635634
8/9/99,-0.19149496800000002,-2.088996995
8/10/99,-1.261364955,22.19786643
8/11/99,1.599775184,-5.249940206000001
8/12/99,-0.28957162399999997,-5.894231982999999
8/13/99,2.2739892790000003,-7.229077253
8/16/99,0.23273423399999998,-15.63539107
8/17/99,1.006185426,18.49884329
8/18/99,-0.842166685,-1.25813449
8/19/99,-0.6940068,0.20503807899999998
8/20/99,0.983689763,-3.361590178
8/23/99,1.7664080219999998,3.236539625
8/24/99,0.2411396,7.339583944
8/25/99,1.341403667,18.00191074
8/26/99,-1.431478621,-16.8401573
8/27/99,-1.008802424,-20.716272600000003
8/30/99,-1.798601144,4.885536356
8/31/99,-0.27265343,44.12109048
9/1/99,0.807318312,-17.81362423
9/2/99,-0.8985223529999999,-2.979384355
9/3/99,2.8905857310000003,-3.478387425
9/6/99,0.0,0.0
9/7/99,-0.5002828570000001,7.8558504220000005
9/8/99,-0.466505774,10.61093248
9/9/99,0.261132309,-2.186552073
9/10/99,0.29681076100000003,4.470861868
9/13/99,-0.5570948920000001,-18.627087200000002
9/14/99,-0.583274383,11.64310686
9/15/99,-1.370964945,7.188563649
9/16/99,0.038696557,-6.134891401
9/17/99,1.284817688,16.63058187
9/20/99,0.008235985,-34.09908342
9/21/99,-2.092807529,43.89084507
9/22/99,0.224082205,0.599535054
9/23/99,-2.296813895,8.343468742
9/24/99,-0.238208771,-2.02065559
9/27/99,0.46581027,-10.56370302
9/28/99,-0.086503491,13.42557007
9/29/99,-1.07861149,-3.320533092
9/30/99,1.130582248,18.87850467
10/1/99,0.007803635,-11.93003145
10/4/99,1.698608211,-10.36598973
10/5/99,-0.24911850800000002,20.2166065
10/6/99,1.848084562,-7.3004038520000005
10/7/99,-0.585484296,-7.529043789
10/8/99,1.394918551,8.395747765
10/11/99,-0.06063225,-26.90293102
10/12/99,-1.660407175,18.66138131
10/13/99,-2.093613994,5.55055891
10/14/99,-0.165688221,8.61838101
10/15/99,-2.805785227,2.275019612
10/18/99,0.5387138810000001,-10.28928337
10/19/99,0.573301091,10.62660315
10/20/99,2.228626297,2.550513415
10/21/99,-0.45136756200000006,9.011627907000001
10/22/99,1.4054143559999999,-5.264197531000001
10/25/99,-0.6161425,-18.99499583
10/26/99,-0.9059755070000001,13.03732304
10/27/99,1.154521504,8.174883297000001
10/28/99,3.5266159260000003,19.47163456
10/29/99,1.526333683,-1.286230288
11/1/99,-0.646405806,-23.15930388
11/2/99,-0.471155069,5.052264808
11/3/99,0.53349044,1.0945273629999999
11/4/99,0.569030186,7.3600174979999995
11/5/99,0.5570044120000001,2.6077213
11/8/99,0.494809638,-19.90469572
11/9/99,-0.85184428,5.887456619
11/10/99,0.5991395039999999,15.263958800000001
11/11/99,0.582470565,-9.485122372000001
11/12/99,1.0568600190000002,0.998541456
11/15/99,-0.11962551199999999,-11.60853144
11/16/99,1.841660563,18.41146161
11/17/99,-0.659121406,1.8891955000000002
11/18/99,1.008710535,6.541666667
11/19/99,-0.206320345,-12.61243645
11/22/99,-0.07454704599999999,-2.271201611
11/23/99,-1.147122797,6.021751574
11/24/99,0.885631967,-20.65651657
11/25/99,0.0,0.0
11/26/99,-0.032458366,-57.52313555
11/29/99,-0.620493783,177.4894271
11/30/99,-1.343906764,9.860293269
12/1/99,0.634305807,-7.094062007000001
12/2/99,0.809895275,1.889140271
12/3/99,1.721740286,11.73531698
12/6/99,-0.6956040370000001,-8.903020668
12/7/99,-0.994843953,18.43368237
12/8/99,-0.37540104,-11.862221400000001
12/9/99,0.301306378,17.25182863
12/10/99,0.6341872510000001,-12.02210142
12/13/99,-0.128441537,-0.972447326
12/14/99,-0.8514525829999999,5.13502455
12/15/99,0.724068479,0.593500681
12/16/99,0.385619294,3.520649966
12/17/99,0.158586952,26.1141736
12/20/99,-0.206896613,-32.9826641
12/21/99,1.081742934,6.511165156000001
12/22/99,0.188355964,-11.77996886
12/23/99,1.546514656,-14.28235294
12/24/99,0.0,0.0
12/27/99,-0.085027499,-0.8234971179999999
12/28/99,0.038436484,-9.299750900000001
12/29/99,0.397892984,-13.35672872
12/30/99,0.069015212,-2.320994611
12/31/99,0.32639993300000003,-32.564721999999996
